"","Symplocos.prunifolia","Cleyera.japonica","Eurya.japonica","Schefflera.octophylla","Myrsine.sguinii","Daphniphyllum.teijsmannii","Myrica.rubra","Ardisia.sieboldii","Litsea.acuminata","Vaccinium.bracteatum","Neolitsea.aciculata","Persea.thunbergii","Diospyros.morrisiana","Prunus.jamasakura","Taxillus.yadoriki"
"Hypsipetes amaurotis",18.7135905975731,8.90092540250405,11.1692795775154,44.5286290905902,59.0144333780342,24.3521937712604,69.3234974849721,19.9609925781212,-207.970492454919,0,33.8118346357793,20.9546898665317,0,13.0259362647728,-32.17994940185
"Turdus pallidus",8.90092540250405,16.9345316405963,5.31255206213976,42.3591617807985,56.1392071104782,0,0,37.9769569012234,0,-56.9654353518344,0,0,0,0,0
"Sphenurus formosae",11.1692795775154,5.31255206213976,6.6664281036949,0,0,0,82.7520000144978,0,0,0,0,0,4.30769215654421,0,0
"Zosterops japonica",22.2643145452951,21.1795808903992,26.5770860446624,52.9775084676826,140.423709772865,0,0,0,0,0,0,0,0,0,0
"Columba janthina",0,28.0696035552391,0,140.423709772865,0,38.398053794909,218.615818408989,0,0,0,0,0,0,0,0
"Turdus chrysolaus",12.1760968856302,0,0,0,0,31.6897678390978,0,0,0,0,0,0,0,0,0
"Ficedula narcissina",69.3234974849721,0,0,0,0,0,0,0,0,0,0,0,0,0,0
"Turdus dauma",0,18.9884784506117,0,0,0,0,0,0,0,0,0,0,0,0,0
